Week,Day,Task,Content
1,Monday,Blog Post,"Title: 'The Benefits of Automating Small Business Workflows' <br> Introduction to workflow automation <br> Key benefits (time-saving, cost reduction, error minimization) <br> How small businesses can start with simple automation tools"
1,Tuesday,Social Media Post,"ðŸŒŸ New Blog Post Alert! ðŸŒŸ Discover the incredible benefits of automating your small business workflows. Learn how automation can save you time, reduce costs, and minimize errors. Start transforming your business today! ðŸ’¼âœ¨ Read more on our blog: [Insert Blog Link] #SmallBusiness #Automation #Efficiency #CyderSolutions"
1,Thursday,Quick Tips,1. Use email templates for common responses to save time.<br>2. Set up automated reminders for follow-up tasks.<br>3. Use a digital calendar to manage appointments and deadlines.
2,Monday,Blog Post,Title: 'How to Identify Processes for Automation in Your Small Business' <br> Common processes that can be automated <br> Criteria for selecting processes <br> Real-life examples of successful automation
2,Tuesday,Social Media Post,ðŸŒŸ New Blog Post Alert! ðŸŒŸ Learn how to identify processes in your small business that can be automated for maximum efficiency. Read our latest blog post: [Insert Blog Link] #SmallBusiness #Automation #Efficiency #CyderSolutions
2,Thursday,Quick Tips,1. Create automated reports to track key metrics.<br>2. Use cloud storage to ensure documents are accessible anywhere.<br>3. Automate social media posts using scheduling tools.
3,Monday,Blog Post,Title: 'A Beginner's Guide to Using Zapier for Business Automation' <br> Introduction to Zapier <br> How it works <br> Step-by-step guide to setting up your first Zap
3,Tuesday,Social Media Post,ðŸŒŸ New Blog Post Alert! ðŸŒŸ Get started with Zapier for business automation. Check out our beginner's guide and set up your first Zap today! Read more: [Insert Blog Link] #SmallBusiness #Automation #Zapier #CyderSolutions
3,Thursday,Quick Tips,1. Set up a CRM to manage customer relationships.<br>2. Use automated surveys to collect customer feedback.<br>3. Implement auto-responses for frequently asked questions.
4,Monday,Blog Post,"Title: 'Integrating Odoo with Other Tools: A Comprehensive Guide' <br> Overview of Odoo ERP <br> Key integrations with other tools like Zapier, IFTTT <br> Benefits and use cases"
4,Tuesday,Social Media Post,ðŸŒŸ New Blog Post Alert! ðŸŒŸ Discover how to integrate Odoo with other tools for seamless business operations. Read our comprehensive guide: [Insert Blog Link] #SmallBusiness #Automation #Odoo #CyderSolutions
4,Thursday,Quick Tips,1. Integrate your invoicing system with your accounting software.<br>2. Use chatbots to handle basic customer inquiries.<br>3. Set up workflow automation for repetitive tasks.
5,Monday,Blog Post,Title: 'How to Streamline Customer Communication with Automation' <br> Importance of customer communication <br> Tools and techniques for automating communication <br> Case studies
5,Tuesday,Social Media Post,ðŸŒŸ New Blog Post Alert! ðŸŒŸ Learn how to streamline customer communication with automation tools. Read our latest blog post: [Insert Blog Link] #SmallBusiness #Automation #CustomerCommunication #CyderSolutions
5,Thursday,Quick Tips,1. Use project management tools to track progress.<br>2. Automate the backup of important data.<br>3. Create automated workflows for document approvals.
6,Monday,Blog Post,"Title: 'Boosting Productivity with Low-Code and No-Code Automation Solutions' <br> Introduction to low-code/no-code platforms <br> Examples of tools (IFTTT, Make, etc.) <br> How small businesses can leverage these platforms"
6,Tuesday,Social Media Post,ðŸŒŸ New Blog Post Alert! ðŸŒŸ Boost your productivity with low-code and no-code automation solutions. Learn more in our latest blog post: [Insert Blog Link] #SmallBusiness #Automation #LowCode #NoCode #CyderSolutions
6,Thursday,Quick Tips,1. Use time-tracking software to monitor productivity.<br>2. Automate your email marketing campaigns.<br>3. Set up alerts for important updates or changes.
7,Monday,Blog Post,Title: 'Top 5 Mistakes to Avoid When Automating Your Business Processes' <br> Common pitfalls in automation <br> How to avoid them <br> Best practices
7,Tuesday,Social Media Post,ðŸŒŸ New Blog Post Alert! ðŸŒŸ Avoid common mistakes when automating your business processes. Read our latest blog post for tips and best practices: [Insert Blog Link] #SmallBusiness #Automation #BestPractices #CyderSolutions
7,Thursday,Quick Tips,1. Use a password manager to store and manage passwords securely.<br>2. Automate your payroll process.<br>3. Implement automated inventory management.
8,Monday,Blog Post,Title: 'The Future of Business Automation: Trends to Watch' <br> Current trends in business automation <br> Emerging technologies <br> Predictions for the future
8,Tuesday,Social Media Post,ðŸŒŸ New Blog Post Alert! ðŸŒŸ Stay ahead of the curve with the latest trends in business automation. Read our new blog post: [Insert Blog Link] #SmallBusiness #Automation #Trends #CyderSolutions
8,Thursday,Quick Tips,1. Use automated reminders for billing and payments.<br>2. Set up a virtual assistant to handle scheduling.<br>3. Create automated workflows for employee onboarding.
